"Program","Year","Period","Week Ending","Geo Level","State","State ANSI","Ag District","Ag District Code","County","County ANSI","Zip Code","Region","watershed_code","Watershed","Commodity","Data Item","Domain","Domain Category","Value","CV (%)"
"SURVEY","2024","MARKETING YEAR","","STATE","CALIFORNIA","06","","","","","","","00000000","","STRAWBERRIES","STRAWBERRIES - PRICE RECEIVED, MEASURED IN $ / CWT","TOTAL","NOT SPECIFIED","119",""
"SURVEY","2024","MARKETING YEAR","","STATE","FLORIDA","12","","","","","","","00000000","","STRAWBERRIES","STRAWBERRIES - PRICE RECEIVED, MEASURED IN $ / CWT","TOTAL","NOT SPECIFIED","165",""
"SURVEY","2023","MARKETING YEAR","","STATE","CALIFORNIA","06","","","","","","","00000000","","STRAWBERRIES","STRAWBERRIES - PRICE RECEIVED, MEASURED IN $ / CWT","TOTAL","NOT SPECIFIED","121",""
"SURVEY","2023","MARKETING YEAR","","STATE","FLORIDA","12","","","","","","","00000000","","STRAWBERRIES","STRAWBERRIES - PRICE RECEIVED, MEASURED IN $ / CWT","TOTAL","NOT SPECIFIED","147",""
"SURVEY","2022","MARKETING YEAR","","STATE","CALIFORNIA","06","","","","","","","00000000","","STRAWBERRIES","STRAWBERRIES - PRICE RECEIVED, MEASURED IN $ / CWT","TOTAL","NOT SPECIFIED","108",""
"SURVEY","2022","MARKETING YEAR","","STATE","FLORIDA","12","","","","","","","00000000","","STRAWBERRIES","STRAWBERRIES - PRICE RECEIVED, MEASURED IN $ / CWT","TOTAL","NOT SPECIFIED","169",""
"SURVEY","2022","MARKETING YEAR","","STATE","OTHER STATES","","","","","","","","00000000","","STRAWBERRIES","STRAWBERRIES - PRICE RECEIVED, MEASURED IN $ / CWT","TOTAL","NOT SPECIFIED","0",""
"SURVEY","2021","MARKETING YEAR","","STATE","CALIFORNIA","06","","","","","","","00000000","","STRAWBERRIES","STRAWBERRIES - PRICE RECEIVED, MEASURED IN $ / CWT","TOTAL","NOT SPECIFIED","125",""
"SURVEY","2021","MARKETING YEAR","","STATE","FLORIDA","12","","","","","","","00000000","","STRAWBERRIES","STRAWBERRIES - PRICE RECEIVED, MEASURED IN $ / CWT","TOTAL","NOT SPECIFIED","160",""
"SURVEY","2021","MARKETING YEAR","","STATE","OTHER STATES","","","","","","","","00000000","","STRAWBERRIES","STRAWBERRIES - PRICE RECEIVED, MEASURED IN $ / CWT","TOTAL","NOT SPECIFIED","0",""
"SURVEY","2020","MARKETING YEAR","","STATE","CALIFORNIA","06","","","","","","","00000000","","STRAWBERRIES","STRAWBERRIES - PRICE RECEIVED, MEASURED IN $ / CWT","TOTAL","NOT SPECIFIED","93.1",""
"SURVEY","2020","MARKETING YEAR","","STATE","FLORIDA","12","","","","","","","00000000","","STRAWBERRIES","STRAWBERRIES - PRICE RECEIVED, MEASURED IN $ / CWT","TOTAL","NOT SPECIFIED","139",""
"SURVEY","2020","MARKETING YEAR","","STATE","OTHER STATES","","","","","","","","00000000","","STRAWBERRIES","STRAWBERRIES - PRICE RECEIVED, MEASURED IN $ / CWT","TOTAL","NOT SPECIFIED","0",""
"SURVEY","2019","MARKETING YEAR","","STATE","CALIFORNIA","06","","","","","","","00000000","","STRAWBERRIES","STRAWBERRIES - PRICE RECEIVED, MEASURED IN $ / CWT","TOTAL","NOT SPECIFIED","110",""
"SURVEY","2019","MARKETING YEAR","","STATE","FLORIDA","12","","","","","","","00000000","","STRAWBERRIES","STRAWBERRIES - PRICE RECEIVED, MEASURED IN $ / CWT","TOTAL","NOT SPECIFIED","152",""
"SURVEY","2018","MARKETING YEAR","","STATE","CALIFORNIA","06","","","","","","","00000000","","STRAWBERRIES","STRAWBERRIES - PRICE RECEIVED, MEASURED IN $ / CWT","TOTAL","NOT SPECIFIED","90.9",""
"SURVEY","2018","MARKETING YEAR","","STATE","FLORIDA","12","","","","","","","00000000","","STRAWBERRIES","STRAWBERRIES - PRICE RECEIVED, MEASURED IN $ / CWT","TOTAL","NOT SPECIFIED","115",""
"SURVEY","2018","MARKETING YEAR","","STATE","NEW YORK","36","","","","","","","00000000","","STRAWBERRIES","STRAWBERRIES - PRICE RECEIVED, MEASURED IN $ / CWT","TOTAL","NOT SPECIFIED","204",""
"SURVEY","2018","MARKETING YEAR","","STATE","NORTH CAROLINA","37","","","","","","","00000000","","STRAWBERRIES","STRAWBERRIES - PRICE RECEIVED, MEASURED IN $ / CWT","TOTAL","NOT SPECIFIED","171",""
"SURVEY","2018","MARKETING YEAR","","STATE","OREGON","41","","","","","","","00000000","","STRAWBERRIES","STRAWBERRIES - PRICE RECEIVED, MEASURED IN $ / CWT","TOTAL","NOT SPECIFIED","107",""
"SURVEY","2018","MARKETING YEAR","","STATE","WASHINGTON","53","","","","","","","00000000","","STRAWBERRIES","STRAWBERRIES - PRICE RECEIVED, MEASURED IN $ / CWT","TOTAL","NOT SPECIFIED","107",""
"SURVEY","2017","MARKETING YEAR","","STATE","CALIFORNIA","06","","","","","","","00000000","","STRAWBERRIES","STRAWBERRIES - PRICE RECEIVED, MEASURED IN $ / CWT","TOTAL","NOT SPECIFIED","103",""
"SURVEY","2017","MARKETING YEAR","","STATE","FLORIDA","12","","","","","","","00000000","","STRAWBERRIES","STRAWBERRIES - PRICE RECEIVED, MEASURED IN $ / CWT","TOTAL","NOT SPECIFIED","140",""
"SURVEY","2017","MARKETING YEAR","","STATE","NEW YORK","36","","","","","","","00000000","","STRAWBERRIES","STRAWBERRIES - PRICE RECEIVED, MEASURED IN $ / CWT","TOTAL","NOT SPECIFIED","229",""
"SURVEY","2017","MARKETING YEAR","","STATE","NORTH CAROLINA","37","","","","","","","00000000","","STRAWBERRIES","STRAWBERRIES - PRICE RECEIVED, MEASURED IN $ / CWT","TOTAL","NOT SPECIFIED","166",""
"SURVEY","2017","MARKETING YEAR","","STATE","OREGON","41","","","","","","","00000000","","STRAWBERRIES","STRAWBERRIES - PRICE RECEIVED, MEASURED IN $ / CWT","TOTAL","NOT SPECIFIED","110",""
"SURVEY","2017","MARKETING YEAR","","STATE","OTHER STATES","","","","","","","","00000000","","STRAWBERRIES","STRAWBERRIES - PRICE RECEIVED, MEASURED IN $ / CWT","TOTAL","NOT SPECIFIED","0",""
"SURVEY","2017","MARKETING YEAR","","STATE","WASHINGTON","53","","","","","","","00000000","","STRAWBERRIES","STRAWBERRIES - PRICE RECEIVED, MEASURED IN $ / CWT","TOTAL","NOT SPECIFIED","107",""
"SURVEY","2016","MARKETING YEAR","","STATE","CALIFORNIA","06","","","","","","","00000000","","STRAWBERRIES","STRAWBERRIES - PRICE RECEIVED, MEASURED IN $ / CWT","TOTAL","NOT SPECIFIED","105",""
"SURVEY","2016","MARKETING YEAR","","STATE","FLORIDA","12","","","","","","","00000000","","STRAWBERRIES","STRAWBERRIES - PRICE RECEIVED, MEASURED IN $ / CWT","TOTAL","NOT SPECIFIED","166",""
"SURVEY","2016","MARKETING YEAR","","STATE","NEW YORK","36","","","","","","","00000000","","STRAWBERRIES","STRAWBERRIES - PRICE RECEIVED, MEASURED IN $ / CWT","TOTAL","NOT SPECIFIED","235",""
"SURVEY","2016","MARKETING YEAR","","STATE","NORTH CAROLINA","37","","","","","","","00000000","","STRAWBERRIES","STRAWBERRIES - PRICE RECEIVED, MEASURED IN $ / CWT","TOTAL","NOT SPECIFIED","187",""
"SURVEY","2016","MARKETING YEAR","","STATE","OREGON","41","","","","","","","00000000","","STRAWBERRIES","STRAWBERRIES - PRICE RECEIVED, MEASURED IN $ / CWT","TOTAL","NOT SPECIFIED","86.7",""
"SURVEY","2016","MARKETING YEAR","","STATE","OTHER STATES","","","","","","","","00000000","","STRAWBERRIES","STRAWBERRIES - PRICE RECEIVED, MEASURED IN $ / CWT","TOTAL","NOT SPECIFIED","0",""
"SURVEY","2016","MARKETING YEAR","","STATE","WASHINGTON","53","","","","","","","00000000","","STRAWBERRIES","STRAWBERRIES - PRICE RECEIVED, MEASURED IN $ / CWT","TOTAL","NOT SPECIFIED","116",""
"SURVEY","2015","MARKETING YEAR","","STATE","CALIFORNIA","06","","","","","","","00000000","","STRAWBERRIES","STRAWBERRIES - PRICE RECEIVED, MEASURED IN $ / CWT","TOTAL","NOT SPECIFIED","67.7",""
"SURVEY","2015","MARKETING YEAR","","STATE","FLORIDA","12","","","","","","","00000000","","STRAWBERRIES","STRAWBERRIES - PRICE RECEIVED, MEASURED IN $ / CWT","TOTAL","NOT SPECIFIED","119",""
"SURVEY","2015","MARKETING YEAR","","STATE","MICHIGAN","26","","","","","","","00000000","","STRAWBERRIES","STRAWBERRIES - PRICE RECEIVED, MEASURED IN $ / CWT","TOTAL","NOT SPECIFIED","156",""
"SURVEY","2015","MARKETING YEAR","","STATE","NEW YORK","36","","","","","","","00000000","","STRAWBERRIES","STRAWBERRIES - PRICE RECEIVED, MEASURED IN $ / CWT","TOTAL","NOT SPECIFIED","254",""
"SURVEY","2015","MARKETING YEAR","","STATE","NORTH CAROLINA","37","","","","","","","00000000","","STRAWBERRIES","STRAWBERRIES - PRICE RECEIVED, MEASURED IN $ / CWT","TOTAL","NOT SPECIFIED","164",""
"SURVEY","2015","MARKETING YEAR","","STATE","OHIO","39","","","","","","","00000000","","STRAWBERRIES","STRAWBERRIES - PRICE RECEIVED, MEASURED IN $ / CWT","TOTAL","NOT SPECIFIED","170",""
"SURVEY","2015","MARKETING YEAR","","STATE","OREGON","41","","","","","","","00000000","","STRAWBERRIES","STRAWBERRIES - PRICE RECEIVED, MEASURED IN $ / CWT","TOTAL","NOT SPECIFIED","86",""
"SURVEY","2015","MARKETING YEAR","","STATE","PENNSYLVANIA","42","","","","","","","00000000","","STRAWBERRIES","STRAWBERRIES - PRICE RECEIVED, MEASURED IN $ / CWT","TOTAL","NOT SPECIFIED","213",""
"SURVEY","2015","MARKETING YEAR","","STATE","WASHINGTON","53","","","","","","","00000000","","STRAWBERRIES","STRAWBERRIES - PRICE RECEIVED, MEASURED IN $ / CWT","TOTAL","NOT SPECIFIED","112",""
"SURVEY","2015","MARKETING YEAR","","STATE","WISCONSIN","55","","","","","","","00000000","","STRAWBERRIES","STRAWBERRIES - PRICE RECEIVED, MEASURED IN $ / CWT","TOTAL","NOT SPECIFIED","170",""
"SURVEY","2014","MARKETING YEAR","","STATE","CALIFORNIA","06","","","","","","","00000000","","STRAWBERRIES","STRAWBERRIES - PRICE RECEIVED, MEASURED IN $ / CWT","TOTAL","NOT SPECIFIED","88.4",""
"SURVEY","2014","MARKETING YEAR","","STATE","FLORIDA","12","","","","","","","00000000","","STRAWBERRIES","STRAWBERRIES - PRICE RECEIVED, MEASURED IN $ / CWT","TOTAL","NOT SPECIFIED","148",""
"SURVEY","2014","MARKETING YEAR","","STATE","MICHIGAN","26","","","","","","","00000000","","STRAWBERRIES","STRAWBERRIES - PRICE RECEIVED, MEASURED IN $ / CWT","TOTAL","NOT SPECIFIED","161",""
"SURVEY","2014","MARKETING YEAR","","STATE","NEW YORK","36","","","","","","","00000000","","STRAWBERRIES","STRAWBERRIES - PRICE RECEIVED, MEASURED IN $ / CWT","TOTAL","NOT SPECIFIED","235",""
"SURVEY","2014","MARKETING YEAR","","STATE","NORTH CAROLINA","37","","","","","","","00000000","","STRAWBERRIES","STRAWBERRIES - PRICE RECEIVED, MEASURED IN $ / CWT","TOTAL","NOT SPECIFIED","152",""
"SURVEY","2014","MARKETING YEAR","","STATE","OHIO","39","","","","","","","00000000","","STRAWBERRIES","STRAWBERRIES - PRICE RECEIVED, MEASURED IN $ / CWT","TOTAL","NOT SPECIFIED","193",""
"SURVEY","2014","MARKETING YEAR","","STATE","OREGON","41","","","","","","","00000000","","STRAWBERRIES","STRAWBERRIES - PRICE RECEIVED, MEASURED IN $ / CWT","TOTAL","NOT SPECIFIED","84.7",""
"SURVEY","2014","MARKETING YEAR","","STATE","PENNSYLVANIA","42","","","","","","","00000000","","STRAWBERRIES","STRAWBERRIES - PRICE RECEIVED, MEASURED IN $ / CWT","TOTAL","NOT SPECIFIED","160",""
"SURVEY","2014","MARKETING YEAR","","STATE","WASHINGTON","53","","","","","","","00000000","","STRAWBERRIES","STRAWBERRIES - PRICE RECEIVED, MEASURED IN $ / CWT","TOTAL","NOT SPECIFIED","112",""
"SURVEY","2014","MARKETING YEAR","","STATE","WISCONSIN","55","","","","","","","00000000","","STRAWBERRIES","STRAWBERRIES - PRICE RECEIVED, MEASURED IN $ / CWT","TOTAL","NOT SPECIFIED","165",""
"SURVEY","2013","MARKETING YEAR","","STATE","CALIFORNIA","06","","","","","","","00000000","","STRAWBERRIES","STRAWBERRIES - PRICE RECEIVED, MEASURED IN $ / CWT","TOTAL","NOT SPECIFIED","79.8",""
"SURVEY","2013","MARKETING YEAR","","STATE","FLORIDA","12","","","","","","","00000000","","STRAWBERRIES","STRAWBERRIES - PRICE RECEIVED, MEASURED IN $ / CWT","TOTAL","NOT SPECIFIED","143",""
"SURVEY","2013","MARKETING YEAR","","STATE","MICHIGAN","26","","","","","","","00000000","","STRAWBERRIES","STRAWBERRIES - PRICE RECEIVED, MEASURED IN $ / CWT","TOTAL","NOT SPECIFIED","161",""
"SURVEY","2013","MARKETING YEAR","","STATE","NEW YORK","36","","","","","","","00000000","","STRAWBERRIES","STRAWBERRIES - PRICE RECEIVED, MEASURED IN $ / CWT","TOTAL","NOT SPECIFIED","203",""
"SURVEY","2013","MARKETING YEAR","","STATE","NORTH CAROLINA","37","","","","","","","00000000","","STRAWBERRIES","STRAWBERRIES - PRICE RECEIVED, MEASURED IN $ / CWT","TOTAL","NOT SPECIFIED","148",""
"SURVEY","2013","MARKETING YEAR","","STATE","OHIO","39","","","","","","","00000000","","STRAWBERRIES","STRAWBERRIES - PRICE RECEIVED, MEASURED IN $ / CWT","TOTAL","NOT SPECIFIED","209",""
"SURVEY","2013","MARKETING YEAR","","STATE","OREGON","41","","","","","","","00000000","","STRAWBERRIES","STRAWBERRIES - PRICE RECEIVED, MEASURED IN $ / CWT","TOTAL","NOT SPECIFIED","63.7",""
"SURVEY","2013","MARKETING YEAR","","STATE","PENNSYLVANIA","42","","","","","","","00000000","","STRAWBERRIES","STRAWBERRIES - PRICE RECEIVED, MEASURED IN $ / CWT","TOTAL","NOT SPECIFIED","223",""
"SURVEY","2013","MARKETING YEAR","","STATE","WASHINGTON","53","","","","","","","00000000","","STRAWBERRIES","STRAWBERRIES - PRICE RECEIVED, MEASURED IN $ / CWT","TOTAL","NOT SPECIFIED","106",""
"SURVEY","2013","MARKETING YEAR","","STATE","WISCONSIN","55","","","","","","","00000000","","STRAWBERRIES","STRAWBERRIES - PRICE RECEIVED, MEASURED IN $ / CWT","TOTAL","NOT SPECIFIED","165",""
"SURVEY","2012","MARKETING YEAR","","STATE","CALIFORNIA","06","","","","","","","00000000","","STRAWBERRIES","STRAWBERRIES - PRICE RECEIVED, MEASURED IN $ / CWT","TOTAL","NOT SPECIFIED","77.1",""
"SURVEY","2012","MARKETING YEAR","","STATE","FLORIDA","12","","","","","","","00000000","","STRAWBERRIES","STRAWBERRIES - PRICE RECEIVED, MEASURED IN $ / CWT","TOTAL","NOT SPECIFIED","110",""
"SURVEY","2012","MARKETING YEAR","","STATE","MICHIGAN","26","","","","","","","00000000","","STRAWBERRIES","STRAWBERRIES - PRICE RECEIVED, MEASURED IN $ / CWT","TOTAL","NOT SPECIFIED","146",""
"SURVEY","2012","MARKETING YEAR","","STATE","NEW YORK","36","","","","","","","00000000","","STRAWBERRIES","STRAWBERRIES - PRICE RECEIVED, MEASURED IN $ / CWT","TOTAL","NOT SPECIFIED","215",""
"SURVEY","2012","MARKETING YEAR","","STATE","NORTH CAROLINA","37","","","","","","","00000000","","STRAWBERRIES","STRAWBERRIES - PRICE RECEIVED, MEASURED IN $ / CWT","TOTAL","NOT SPECIFIED","145",""
"SURVEY","2012","MARKETING YEAR","","STATE","OHIO","39","","","","","","","00000000","","STRAWBERRIES","STRAWBERRIES - PRICE RECEIVED, MEASURED IN $ / CWT","TOTAL","NOT SPECIFIED","168",""
"SURVEY","2012","MARKETING YEAR","","STATE","OREGON","41","","","","","","","00000000","","STRAWBERRIES","STRAWBERRIES - PRICE RECEIVED, MEASURED IN $ / CWT","TOTAL","NOT SPECIFIED","71.3",""
"SURVEY","2012","MARKETING YEAR","","STATE","PENNSYLVANIA","42","","","","","","","00000000","","STRAWBERRIES","STRAWBERRIES - PRICE RECEIVED, MEASURED IN $ / CWT","TOTAL","NOT SPECIFIED","164",""
"SURVEY","2012","MARKETING YEAR","","STATE","WASHINGTON","53","","","","","","","00000000","","STRAWBERRIES","STRAWBERRIES - PRICE RECEIVED, MEASURED IN $ / CWT","TOTAL","NOT SPECIFIED","100",""
"SURVEY","2012","MARKETING YEAR","","STATE","WISCONSIN","55","","","","","","","00000000","","STRAWBERRIES","STRAWBERRIES - PRICE RECEIVED, MEASURED IN $ / CWT","TOTAL","NOT SPECIFIED","151",""
"SURVEY","2011","MARKETING YEAR","","STATE","CALIFORNIA","06","","","","","","","00000000","","STRAWBERRIES","STRAWBERRIES - PRICE RECEIVED, MEASURED IN $ / CWT","TOTAL","NOT SPECIFIED","75.2",""
"SURVEY","2011","MARKETING YEAR","","STATE","FLORIDA","12","","","","","","","00000000","","STRAWBERRIES","STRAWBERRIES - PRICE RECEIVED, MEASURED IN $ / CWT","TOTAL","NOT SPECIFIED","148",""
"SURVEY","2011","MARKETING YEAR","","STATE","MICHIGAN","26","","","","","","","00000000","","STRAWBERRIES","STRAWBERRIES - PRICE RECEIVED, MEASURED IN $ / CWT","TOTAL","NOT SPECIFIED","146",""
"SURVEY","2011","MARKETING YEAR","","STATE","NEW YORK","36","","","","","","","00000000","","STRAWBERRIES","STRAWBERRIES - PRICE RECEIVED, MEASURED IN $ / CWT","TOTAL","NOT SPECIFIED","235",""
"SURVEY","2011","MARKETING YEAR","","STATE","NORTH CAROLINA","37","","","","","","","00000000","","STRAWBERRIES","STRAWBERRIES - PRICE RECEIVED, MEASURED IN $ / CWT","TOTAL","NOT SPECIFIED","140",""
"SURVEY","2011","MARKETING YEAR","","STATE","OHIO","39","","","","","","","00000000","","STRAWBERRIES","STRAWBERRIES - PRICE RECEIVED, MEASURED IN $ / CWT","TOTAL","NOT SPECIFIED","210",""
"SURVEY","2011","MARKETING YEAR","","STATE","OREGON","41","","","","","","","00000000","","STRAWBERRIES","STRAWBERRIES - PRICE RECEIVED, MEASURED IN $ / CWT","TOTAL","NOT SPECIFIED","66.5",""
"SURVEY","2011","MARKETING YEAR","","STATE","PENNSYLVANIA","42","","","","","","","00000000","","STRAWBERRIES","STRAWBERRIES - PRICE RECEIVED, MEASURED IN $ / CWT","TOTAL","NOT SPECIFIED","212",""
"SURVEY","2011","MARKETING YEAR","","STATE","WASHINGTON","53","","","","","","","00000000","","STRAWBERRIES","STRAWBERRIES - PRICE RECEIVED, MEASURED IN $ / CWT","TOTAL","NOT SPECIFIED","71.8",""
"SURVEY","2011","MARKETING YEAR","","STATE","WISCONSIN","55","","","","","","","00000000","","STRAWBERRIES","STRAWBERRIES - PRICE RECEIVED, MEASURED IN $ / CWT","TOTAL","NOT SPECIFIED","161",""
"SURVEY","2011","YEAR","","STATE","CALIFORNIA","06","","","","","","","00000000","","STRAWBERRIES","STRAWBERRIES - PRICE RECEIVED, MEASURED IN $ / CWT","TOTAL","NOT SPECIFIED","75.7",""
"SURVEY","2011","YEAR","","STATE","FLORIDA","12","","","","","","","00000000","","STRAWBERRIES","STRAWBERRIES - PRICE RECEIVED, MEASURED IN $ / CWT","TOTAL","NOT SPECIFIED","148",""
"SURVEY","2011","YEAR","","STATE","MICHIGAN","26","","","","","","","00000000","","STRAWBERRIES","STRAWBERRIES - PRICE RECEIVED, MEASURED IN $ / CWT","TOTAL","NOT SPECIFIED","146",""
"SURVEY","2011","YEAR","","STATE","NEW YORK","36","","","","","","","00000000","","STRAWBERRIES","STRAWBERRIES - PRICE RECEIVED, MEASURED IN $ / CWT","TOTAL","NOT SPECIFIED","235",""
"SURVEY","2011","YEAR","","STATE","NORTH CAROLINA","37","","","","","","","00000000","","STRAWBERRIES","STRAWBERRIES - PRICE RECEIVED, MEASURED IN $ / CWT","TOTAL","NOT SPECIFIED","140",""
"SURVEY","2011","YEAR","","STATE","OHIO","39","","","","","","","00000000","","STRAWBERRIES","STRAWBERRIES - PRICE RECEIVED, MEASURED IN $ / CWT","TOTAL","NOT SPECIFIED","210",""
"SURVEY","2011","YEAR","","STATE","OREGON","41","","","","","","","00000000","","STRAWBERRIES","STRAWBERRIES - PRICE RECEIVED, MEASURED IN $ / CWT","TOTAL","NOT SPECIFIED","66.5",""
"SURVEY","2011","YEAR","","STATE","PENNSYLVANIA","42","","","","","","","00000000","","STRAWBERRIES","STRAWBERRIES - PRICE RECEIVED, MEASURED IN $ / CWT","TOTAL","NOT SPECIFIED","212",""
"SURVEY","2011","YEAR","","STATE","WASHINGTON","53","","","","","","","00000000","","STRAWBERRIES","STRAWBERRIES - PRICE RECEIVED, MEASURED IN $ / CWT","TOTAL","NOT SPECIFIED","71.8",""
"SURVEY","2011","YEAR","","STATE","WISCONSIN","55","","","","","","","00000000","","STRAWBERRIES","STRAWBERRIES - PRICE RECEIVED, MEASURED IN $ / CWT","TOTAL","NOT SPECIFIED","161",""
"SURVEY","2010","MARKETING YEAR","","STATE","CALIFORNIA","06","","","","","","","00000000","","STRAWBERRIES","STRAWBERRIES - PRICE RECEIVED, MEASURED IN $ / CWT","TOTAL","NOT SPECIFIED","70.1",""
"SURVEY","2010","MARKETING YEAR","","STATE","FLORIDA","12","","","","","","","00000000","","STRAWBERRIES","STRAWBERRIES - PRICE RECEIVED, MEASURED IN $ / CWT","TOTAL","NOT SPECIFIED","187",""
"SURVEY","2010","MARKETING YEAR","","STATE","MICHIGAN","26","","","","","","","00000000","","STRAWBERRIES","STRAWBERRIES - PRICE RECEIVED, MEASURED IN $ / CWT","TOTAL","NOT SPECIFIED","141",""
"SURVEY","2010","MARKETING YEAR","","STATE","NEW YORK","36","","","","","","","00000000","","STRAWBERRIES","STRAWBERRIES - PRICE RECEIVED, MEASURED IN $ / CWT","TOTAL","NOT SPECIFIED","197",""
"SURVEY","2010","MARKETING YEAR","","STATE","NORTH CAROLINA","37","","","","","","","00000000","","STRAWBERRIES","STRAWBERRIES - PRICE RECEIVED, MEASURED IN $ / CWT","TOTAL","NOT SPECIFIED","135",""
"SURVEY","2010","MARKETING YEAR","","STATE","OHIO","39","","","","","","","00000000","","STRAWBERRIES","STRAWBERRIES - PRICE RECEIVED, MEASURED IN $ / CWT","TOTAL","NOT SPECIFIED","272",""
"SURVEY","2010","MARKETING YEAR","","STATE","OREGON","41","","","","","","","00000000","","STRAWBERRIES","STRAWBERRIES - PRICE RECEIVED, MEASURED IN $ / CWT","TOTAL","NOT SPECIFIED","69",""
"SURVEY","2010","MARKETING YEAR","","STATE","PENNSYLVANIA","42","","","","","","","00000000","","STRAWBERRIES","STRAWBERRIES - PRICE RECEIVED, MEASURED IN $ / CWT","TOTAL","NOT SPECIFIED","207",""
"SURVEY","2010","MARKETING YEAR","","STATE","WASHINGTON","53","","","","","","","00000000","","STRAWBERRIES","STRAWBERRIES - PRICE RECEIVED, MEASURED IN $ / CWT","TOTAL","NOT SPECIFIED","61.1",""
"SURVEY","2010","MARKETING YEAR","","STATE","WISCONSIN","55","","","","","","","00000000","","STRAWBERRIES","STRAWBERRIES - PRICE RECEIVED, MEASURED IN $ / CWT","TOTAL","NOT SPECIFIED","157",""
"SURVEY","2010","YEAR","","STATE","CALIFORNIA","06","","","","","","","00000000","","STRAWBERRIES","STRAWBERRIES - PRICE RECEIVED, MEASURED IN $ / CWT","TOTAL","NOT SPECIFIED","69.6",""
"SURVEY","2010","YEAR","","STATE","FLORIDA","12","","","","","","","00000000","","STRAWBERRIES","STRAWBERRIES - PRICE RECEIVED, MEASURED IN $ / CWT","TOTAL","NOT SPECIFIED","187",""
"SURVEY","2010","YEAR","","STATE","MICHIGAN","26","","","","","","","00000000","","STRAWBERRIES","STRAWBERRIES - PRICE RECEIVED, MEASURED IN $ / CWT","TOTAL","NOT SPECIFIED","141",""
"SURVEY","2010","YEAR","","STATE","NEW YORK","36","","","","","","","00000000","","STRAWBERRIES","STRAWBERRIES - PRICE RECEIVED, MEASURED IN $ / CWT","TOTAL","NOT SPECIFIED","197",""
"SURVEY","2010","YEAR","","STATE","NORTH CAROLINA","37","","","","","","","00000000","","STRAWBERRIES","STRAWBERRIES - PRICE RECEIVED, MEASURED IN $ / CWT","TOTAL","NOT SPECIFIED","135",""
"SURVEY","2010","YEAR","","STATE","OHIO","39","","","","","","","00000000","","STRAWBERRIES","STRAWBERRIES - PRICE RECEIVED, MEASURED IN $ / CWT","TOTAL","NOT SPECIFIED","272",""
"SURVEY","2010","YEAR","","STATE","OREGON","41","","","","","","","00000000","","STRAWBERRIES","STRAWBERRIES - PRICE RECEIVED, MEASURED IN $ / CWT","TOTAL","NOT SPECIFIED","69.1",""
"SURVEY","2010","YEAR","","STATE","PENNSYLVANIA","42","","","","","","","00000000","","STRAWBERRIES","STRAWBERRIES - PRICE RECEIVED, MEASURED IN $ / CWT","TOTAL","NOT SPECIFIED","207",""
"SURVEY","2010","YEAR","","STATE","WASHINGTON","53","","","","","","","00000000","","STRAWBERRIES","STRAWBERRIES - PRICE RECEIVED, MEASURED IN $ / CWT","TOTAL","NOT SPECIFIED","61.1",""
"SURVEY","2010","YEAR","","STATE","WISCONSIN","55","","","","","","","00000000","","STRAWBERRIES","STRAWBERRIES - PRICE RECEIVED, MEASURED IN $ / CWT","TOTAL","NOT SPECIFIED","157",""
"SURVEY","2009","MARKETING YEAR","","STATE","CALIFORNIA","06","","","","","","","00000000","","STRAWBERRIES","STRAWBERRIES - PRICE RECEIVED, MEASURED IN $ / CWT","TOTAL","NOT SPECIFIED","69.4",""
"SURVEY","2009","MARKETING YEAR","","STATE","FLORIDA","12","","","","","","","00000000","","STRAWBERRIES","STRAWBERRIES - PRICE RECEIVED, MEASURED IN $ / CWT","TOTAL","NOT SPECIFIED","132",""
"SURVEY","2009","MARKETING YEAR","","STATE","MICHIGAN","26","","","","","","","00000000","","STRAWBERRIES","STRAWBERRIES - PRICE RECEIVED, MEASURED IN $ / CWT","TOTAL","NOT SPECIFIED","144",""
"SURVEY","2009","MARKETING YEAR","","STATE","NEW YORK","36","","","","","","","00000000","","STRAWBERRIES","STRAWBERRIES - PRICE RECEIVED, MEASURED IN $ / CWT","TOTAL","NOT SPECIFIED","205",""
"SURVEY","2009","MARKETING YEAR","","STATE","NORTH CAROLINA","37","","","","","","","00000000","","STRAWBERRIES","STRAWBERRIES - PRICE RECEIVED, MEASURED IN $ / CWT","TOTAL","NOT SPECIFIED","135",""
"SURVEY","2009","MARKETING YEAR","","STATE","OHIO","39","","","","","","","00000000","","STRAWBERRIES","STRAWBERRIES - PRICE RECEIVED, MEASURED IN $ / CWT","TOTAL","NOT SPECIFIED","191",""
"SURVEY","2009","MARKETING YEAR","","STATE","OREGON","41","","","","","","","00000000","","STRAWBERRIES","STRAWBERRIES - PRICE RECEIVED, MEASURED IN $ / CWT","TOTAL","NOT SPECIFIED","65.8",""
"SURVEY","2009","MARKETING YEAR","","STATE","PENNSYLVANIA","42","","","","","","","00000000","","STRAWBERRIES","STRAWBERRIES - PRICE RECEIVED, MEASURED IN $ / CWT","TOTAL","NOT SPECIFIED","208",""
"SURVEY","2009","MARKETING YEAR","","STATE","WASHINGTON","53","","","","","","","00000000","","STRAWBERRIES","STRAWBERRIES - PRICE RECEIVED, MEASURED IN $ / CWT","TOTAL","NOT SPECIFIED","58.3",""
"SURVEY","2009","MARKETING YEAR","","STATE","WISCONSIN","55","","","","","","","00000000","","STRAWBERRIES","STRAWBERRIES - PRICE RECEIVED, MEASURED IN $ / CWT","TOTAL","NOT SPECIFIED","155",""
"SURVEY","2009","YEAR","","STATE","CALIFORNIA","06","","","","","","","00000000","","STRAWBERRIES","STRAWBERRIES - PRICE RECEIVED, MEASURED IN $ / CWT","TOTAL","NOT SPECIFIED","69.4",""
"SURVEY","2009","YEAR","","STATE","FLORIDA","12","","","","","","","00000000","","STRAWBERRIES","STRAWBERRIES - PRICE RECEIVED, MEASURED IN $ / CWT","TOTAL","NOT SPECIFIED","132",""
"SURVEY","2009","YEAR","","STATE","MICHIGAN","26","","","","","","","00000000","","STRAWBERRIES","STRAWBERRIES - PRICE RECEIVED, MEASURED IN $ / CWT","TOTAL","NOT SPECIFIED","144",""
"SURVEY","2009","YEAR","","STATE","NEW YORK","36","","","","","","","00000000","","STRAWBERRIES","STRAWBERRIES - PRICE RECEIVED, MEASURED IN $ / CWT","TOTAL","NOT SPECIFIED","205",""
"SURVEY","2009","YEAR","","STATE","NORTH CAROLINA","37","","","","","","","00000000","","STRAWBERRIES","STRAWBERRIES - PRICE RECEIVED, MEASURED IN $ / CWT","TOTAL","NOT SPECIFIED","135",""
"SURVEY","2009","YEAR","","STATE","OHIO","39","","","","","","","00000000","","STRAWBERRIES","STRAWBERRIES - PRICE RECEIVED, MEASURED IN $ / CWT","TOTAL","NOT SPECIFIED","191",""
"SURVEY","2009","YEAR","","STATE","OREGON","41","","","","","","","00000000","","STRAWBERRIES","STRAWBERRIES - PRICE RECEIVED, MEASURED IN $ / CWT","TOTAL","NOT SPECIFIED","65.8",""
"SURVEY","2009","YEAR","","STATE","PENNSYLVANIA","42","","","","","","","00000000","","STRAWBERRIES","STRAWBERRIES - PRICE RECEIVED, MEASURED IN $ / CWT","TOTAL","NOT SPECIFIED","208",""
"SURVEY","2009","YEAR","","STATE","WASHINGTON","53","","","","","","","00000000","","STRAWBERRIES","STRAWBERRIES - PRICE RECEIVED, MEASURED IN $ / CWT","TOTAL","NOT SPECIFIED","58.3",""
"SURVEY","2009","YEAR","","STATE","WISCONSIN","55","","","","","","","00000000","","STRAWBERRIES","STRAWBERRIES - PRICE RECEIVED, MEASURED IN $ / CWT","TOTAL","NOT SPECIFIED","155",""
"SURVEY","2008","MARKETING YEAR","","STATE","CALIFORNIA","06","","","","","","","00000000","","STRAWBERRIES","STRAWBERRIES - PRICE RECEIVED, MEASURED IN $ / CWT","TOTAL","NOT SPECIFIED","69.6",""
"SURVEY","2008","MARKETING YEAR","","STATE","FLORIDA","12","","","","","","","00000000","","STRAWBERRIES","STRAWBERRIES - PRICE RECEIVED, MEASURED IN $ / CWT","TOTAL","NOT SPECIFIED","139",""
"SURVEY","2008","MARKETING YEAR","","STATE","MICHIGAN","26","","","","","","","00000000","","STRAWBERRIES","STRAWBERRIES - PRICE RECEIVED, MEASURED IN $ / CWT","TOTAL","NOT SPECIFIED","119",""
"SURVEY","2008","MARKETING YEAR","","STATE","NEW YORK","36","","","","","","","00000000","","STRAWBERRIES","STRAWBERRIES - PRICE RECEIVED, MEASURED IN $ / CWT","TOTAL","NOT SPECIFIED","165",""
"SURVEY","2008","MARKETING YEAR","","STATE","NORTH CAROLINA","37","","","","","","","00000000","","STRAWBERRIES","STRAWBERRIES - PRICE RECEIVED, MEASURED IN $ / CWT","TOTAL","NOT SPECIFIED","100",""
"SURVEY","2008","MARKETING YEAR","","STATE","OHIO","39","","","","","","","00000000","","STRAWBERRIES","STRAWBERRIES - PRICE RECEIVED, MEASURED IN $ / CWT","TOTAL","NOT SPECIFIED","174",""
"SURVEY","2008","MARKETING YEAR","","STATE","OREGON","41","","","","","","","00000000","","STRAWBERRIES","STRAWBERRIES - PRICE RECEIVED, MEASURED IN $ / CWT","TOTAL","NOT SPECIFIED","70.5",""
"SURVEY","2008","MARKETING YEAR","","STATE","PENNSYLVANIA","42","","","","","","","00000000","","STRAWBERRIES","STRAWBERRIES - PRICE RECEIVED, MEASURED IN $ / CWT","TOTAL","NOT SPECIFIED","211",""
"SURVEY","2008","MARKETING YEAR","","STATE","WASHINGTON","53","","","","","","","00000000","","STRAWBERRIES","STRAWBERRIES - PRICE RECEIVED, MEASURED IN $ / CWT","TOTAL","NOT SPECIFIED","70.1",""
"SURVEY","2008","MARKETING YEAR","","STATE","WISCONSIN","55","","","","","","","00000000","","STRAWBERRIES","STRAWBERRIES - PRICE RECEIVED, MEASURED IN $ / CWT","TOTAL","NOT SPECIFIED","145",""
"SURVEY","2008","YEAR","","STATE","CALIFORNIA","06","","","","","","","00000000","","STRAWBERRIES","STRAWBERRIES - PRICE RECEIVED, MEASURED IN $ / CWT","TOTAL","NOT SPECIFIED","69.6",""
"SURVEY","2008","YEAR","","STATE","FLORIDA","12","","","","","","","00000000","","STRAWBERRIES","STRAWBERRIES - PRICE RECEIVED, MEASURED IN $ / CWT","TOTAL","NOT SPECIFIED","139",""
"SURVEY","2008","YEAR","","STATE","MICHIGAN","26","","","","","","","00000000","","STRAWBERRIES","STRAWBERRIES - PRICE RECEIVED, MEASURED IN $ / CWT","TOTAL","NOT SPECIFIED","119",""
"SURVEY","2008","YEAR","","STATE","NEW YORK","36","","","","","","","00000000","","STRAWBERRIES","STRAWBERRIES - PRICE RECEIVED, MEASURED IN $ / CWT","TOTAL","NOT SPECIFIED","165",""
"SURVEY","2008","YEAR","","STATE","NORTH CAROLINA","37","","","","","","","00000000","","STRAWBERRIES","STRAWBERRIES - PRICE RECEIVED, MEASURED IN $ / CWT","TOTAL","NOT SPECIFIED","100",""
"SURVEY","2008","YEAR","","STATE","OHIO","39","","","","","","","00000000","","STRAWBERRIES","STRAWBERRIES - PRICE RECEIVED, MEASURED IN $ / CWT","TOTAL","NOT SPECIFIED","174",""
"SURVEY","2008","YEAR","","STATE","OREGON","41","","","","","","","00000000","","STRAWBERRIES","STRAWBERRIES - PRICE RECEIVED, MEASURED IN $ / CWT","TOTAL","NOT SPECIFIED","70.5",""
"SURVEY","2008","YEAR","","STATE","PENNSYLVANIA","42","","","","","","","00000000","","STRAWBERRIES","STRAWBERRIES - PRICE RECEIVED, MEASURED IN $ / CWT","TOTAL","NOT SPECIFIED","211",""
"SURVEY","2008","YEAR","","STATE","WASHINGTON","53","","","","","","","00000000","","STRAWBERRIES","STRAWBERRIES - PRICE RECEIVED, MEASURED IN $ / CWT","TOTAL","NOT SPECIFIED","70.1",""
"SURVEY","2008","YEAR","","STATE","WISCONSIN","55","","","","","","","00000000","","STRAWBERRIES","STRAWBERRIES - PRICE RECEIVED, MEASURED IN $ / CWT","TOTAL","NOT SPECIFIED","145",""
"SURVEY","2007","MARKETING YEAR","","STATE","CALIFORNIA","06","","","","","","","00000000","","STRAWBERRIES","STRAWBERRIES - PRICE RECEIVED, MEASURED IN $ / CWT","TOTAL","NOT SPECIFIED","65.5",""
"SURVEY","2007","MARKETING YEAR","","STATE","FLORIDA","12","","","","","","","00000000","","STRAWBERRIES","STRAWBERRIES - PRICE RECEIVED, MEASURED IN $ / CWT","TOTAL","NOT SPECIFIED","124",""
"SURVEY","2007","MARKETING YEAR","","STATE","MICHIGAN","26","","","","","","","00000000","","STRAWBERRIES","STRAWBERRIES - PRICE RECEIVED, MEASURED IN $ / CWT","TOTAL","NOT SPECIFIED","117",""
"SURVEY","2007","MARKETING YEAR","","STATE","NEW YORK","36","","","","","","","00000000","","STRAWBERRIES","STRAWBERRIES - PRICE RECEIVED, MEASURED IN $ / CWT","TOTAL","NOT SPECIFIED","165",""
"SURVEY","2007","MARKETING YEAR","","STATE","NORTH CAROLINA","37","","","","","","","00000000","","STRAWBERRIES","STRAWBERRIES - PRICE RECEIVED, MEASURED IN $ / CWT","TOTAL","NOT SPECIFIED","95",""
"SURVEY","2007","MARKETING YEAR","","STATE","OHIO","39","","","","","","","00000000","","STRAWBERRIES","STRAWBERRIES - PRICE RECEIVED, MEASURED IN $ / CWT","TOTAL","NOT SPECIFIED","154",""
"SURVEY","2007","MARKETING YEAR","","STATE","OREGON","41","","","","","","","00000000","","STRAWBERRIES","STRAWBERRIES - PRICE RECEIVED, MEASURED IN $ / CWT","TOTAL","NOT SPECIFIED","66.3",""
"SURVEY","2007","MARKETING YEAR","","STATE","PENNSYLVANIA","42","","","","","","","00000000","","STRAWBERRIES","STRAWBERRIES - PRICE RECEIVED, MEASURED IN $ / CWT","TOTAL","NOT SPECIFIED","187",""
"SURVEY","2007","MARKETING YEAR","","STATE","WASHINGTON","53","","","","","","","00000000","","STRAWBERRIES","STRAWBERRIES - PRICE RECEIVED, MEASURED IN $ / CWT","TOTAL","NOT SPECIFIED","65.4",""
"SURVEY","2007","MARKETING YEAR","","STATE","WISCONSIN","55","","","","","","","00000000","","STRAWBERRIES","STRAWBERRIES - PRICE RECEIVED, MEASURED IN $ / CWT","TOTAL","NOT SPECIFIED","136",""
"SURVEY","2007","YEAR","","STATE","CALIFORNIA","06","","","","","","","00000000","","STRAWBERRIES","STRAWBERRIES - PRICE RECEIVED, MEASURED IN $ / CWT","TOTAL","NOT SPECIFIED","65.5",""
"SURVEY","2007","YEAR","","STATE","FLORIDA","12","","","","","","","00000000","","STRAWBERRIES","STRAWBERRIES - PRICE RECEIVED, MEASURED IN $ / CWT","TOTAL","NOT SPECIFIED","124",""
"SURVEY","2007","YEAR","","STATE","MICHIGAN","26","","","","","","","00000000","","STRAWBERRIES","STRAWBERRIES - PRICE RECEIVED, MEASURED IN $ / CWT","TOTAL","NOT SPECIFIED","117",""
"SURVEY","2007","YEAR","","STATE","NEW YORK","36","","","","","","","00000000","","STRAWBERRIES","STRAWBERRIES - PRICE RECEIVED, MEASURED IN $ / CWT","TOTAL","NOT SPECIFIED","165",""
"SURVEY","2007","YEAR","","STATE","NORTH CAROLINA","37","","","","","","","00000000","","STRAWBERRIES","STRAWBERRIES - PRICE RECEIVED, MEASURED IN $ / CWT","TOTAL","NOT SPECIFIED","95",""
"SURVEY","2007","YEAR","","STATE","OHIO","39","","","","","","","00000000","","STRAWBERRIES","STRAWBERRIES - PRICE RECEIVED, MEASURED IN $ / CWT","TOTAL","NOT SPECIFIED","154",""
"SURVEY","2007","YEAR","","STATE","OREGON","41","","","","","","","00000000","","STRAWBERRIES","STRAWBERRIES - PRICE RECEIVED, MEASURED IN $ / CWT","TOTAL","NOT SPECIFIED","66.3",""
"SURVEY","2007","YEAR","","STATE","PENNSYLVANIA","42","","","","","","","00000000","","STRAWBERRIES","STRAWBERRIES - PRICE RECEIVED, MEASURED IN $ / CWT","TOTAL","NOT SPECIFIED","187",""
"SURVEY","2007","YEAR","","STATE","WASHINGTON","53","","","","","","","00000000","","STRAWBERRIES","STRAWBERRIES - PRICE RECEIVED, MEASURED IN $ / CWT","TOTAL","NOT SPECIFIED","65.4",""
"SURVEY","2007","YEAR","","STATE","WISCONSIN","55","","","","","","","00000000","","STRAWBERRIES","STRAWBERRIES - PRICE RECEIVED, MEASURED IN $ / CWT","TOTAL","NOT SPECIFIED","136",""
"SURVEY","2006","MARKETING YEAR","","STATE","CALIFORNIA","06","","","","","","","00000000","","STRAWBERRIES","STRAWBERRIES - PRICE RECEIVED, MEASURED IN $ / CWT","TOTAL","NOT SPECIFIED","56.7",""
"SURVEY","2006","MARKETING YEAR","","STATE","FLORIDA","12","","","","","","","00000000","","STRAWBERRIES","STRAWBERRIES - PRICE RECEIVED, MEASURED IN $ / CWT","TOTAL","NOT SPECIFIED","117",""
"SURVEY","2006","MARKETING YEAR","","STATE","MICHIGAN","26","","","","","","","00000000","","STRAWBERRIES","STRAWBERRIES - PRICE RECEIVED, MEASURED IN $ / CWT","TOTAL","NOT SPECIFIED","114",""
"SURVEY","2006","MARKETING YEAR","","STATE","NEW YORK","36","","","","","","","00000000","","STRAWBERRIES","STRAWBERRIES - PRICE RECEIVED, MEASURED IN $ / CWT","TOTAL","NOT SPECIFIED","170",""
"SURVEY","2006","MARKETING YEAR","","STATE","NORTH CAROLINA","37","","","","","","","00000000","","STRAWBERRIES","STRAWBERRIES - PRICE RECEIVED, MEASURED IN $ / CWT","TOTAL","NOT SPECIFIED","90",""
"SURVEY","2006","MARKETING YEAR","","STATE","OHIO","39","","","","","","","00000000","","STRAWBERRIES","STRAWBERRIES - PRICE RECEIVED, MEASURED IN $ / CWT","TOTAL","NOT SPECIFIED","152",""
"SURVEY","2006","MARKETING YEAR","","STATE","OREGON","41","","","","","","","00000000","","STRAWBERRIES","STRAWBERRIES - PRICE RECEIVED, MEASURED IN $ / CWT","TOTAL","NOT SPECIFIED","69.1",""
"SURVEY","2006","MARKETING YEAR","","STATE","PENNSYLVANIA","42","","","","","","","00000000","","STRAWBERRIES","STRAWBERRIES - PRICE RECEIVED, MEASURED IN $ / CWT","TOTAL","NOT SPECIFIED","167",""
"SURVEY","2006","MARKETING YEAR","","STATE","WASHINGTON","53","","","","","","","00000000","","STRAWBERRIES","STRAWBERRIES - PRICE RECEIVED, MEASURED IN $ / CWT","TOTAL","NOT SPECIFIED","60.4",""
"SURVEY","2006","MARKETING YEAR","","STATE","WISCONSIN","55","","","","","","","00000000","","STRAWBERRIES","STRAWBERRIES - PRICE RECEIVED, MEASURED IN $ / CWT","TOTAL","NOT SPECIFIED","134",""
"SURVEY","2006","YEAR","","STATE","CALIFORNIA","06","","","","","","","00000000","","STRAWBERRIES","STRAWBERRIES - PRICE RECEIVED, MEASURED IN $ / CWT","TOTAL","NOT SPECIFIED","56.7",""
"SURVEY","2006","YEAR","","STATE","FLORIDA","12","","","","","","","00000000","","STRAWBERRIES","STRAWBERRIES - PRICE RECEIVED, MEASURED IN $ / CWT","TOTAL","NOT SPECIFIED","117",""
"SURVEY","2006","YEAR","","STATE","MICHIGAN","26","","","","","","","00000000","","STRAWBERRIES","STRAWBERRIES - PRICE RECEIVED, MEASURED IN $ / CWT","TOTAL","NOT SPECIFIED","114",""
"SURVEY","2006","YEAR","","STATE","NEW YORK","36","","","","","","","00000000","","STRAWBERRIES","STRAWBERRIES - PRICE RECEIVED, MEASURED IN $ / CWT","TOTAL","NOT SPECIFIED","170",""
"SURVEY","2006","YEAR","","STATE","NORTH CAROLINA","37","","","","","","","00000000","","STRAWBERRIES","STRAWBERRIES - PRICE RECEIVED, MEASURED IN $ / CWT","TOTAL","NOT SPECIFIED","90",""
"SURVEY","2006","YEAR","","STATE","OHIO","39","","","","","","","00000000","","STRAWBERRIES","STRAWBERRIES - PRICE RECEIVED, MEASURED IN $ / CWT","TOTAL","NOT SPECIFIED","152",""
"SURVEY","2006","YEAR","","STATE","OREGON","41","","","","","","","00000000","","STRAWBERRIES","STRAWBERRIES - PRICE RECEIVED, MEASURED IN $ / CWT","TOTAL","NOT SPECIFIED","69.1",""
"SURVEY","2006","YEAR","","STATE","PENNSYLVANIA","42","","","","","","","00000000","","STRAWBERRIES","STRAWBERRIES - PRICE RECEIVED, MEASURED IN $ / CWT","TOTAL","NOT SPECIFIED","167",""
"SURVEY","2006","YEAR","","STATE","WASHINGTON","53","","","","","","","00000000","","STRAWBERRIES","STRAWBERRIES - PRICE RECEIVED, MEASURED IN $ / CWT","TOTAL","NOT SPECIFIED","60.4",""
"SURVEY","2006","YEAR","","STATE","WISCONSIN","55","","","","","","","00000000","","STRAWBERRIES","STRAWBERRIES - PRICE RECEIVED, MEASURED IN $ / CWT","TOTAL","NOT SPECIFIED","134",""
"SURVEY","2005","MARKETING YEAR","","STATE","CALIFORNIA","06","","","","","","","00000000","","STRAWBERRIES","STRAWBERRIES - PRICE RECEIVED, MEASURED IN $ / CWT","TOTAL","NOT SPECIFIED","54.6",""
"SURVEY","2005","MARKETING YEAR","","STATE","FLORIDA","12","","","","","","","00000000","","STRAWBERRIES","STRAWBERRIES - PRICE RECEIVED, MEASURED IN $ / CWT","TOTAL","NOT SPECIFIED","110",""
"SURVEY","2005","MARKETING YEAR","","STATE","MICHIGAN","26","","","","","","","00000000","","STRAWBERRIES","STRAWBERRIES - PRICE RECEIVED, MEASURED IN $ / CWT","TOTAL","NOT SPECIFIED","93.8",""
"SURVEY","2005","MARKETING YEAR","","STATE","NEW YORK","36","","","","","","","00000000","","STRAWBERRIES","STRAWBERRIES - PRICE RECEIVED, MEASURED IN $ / CWT","TOTAL","NOT SPECIFIED","155",""
"SURVEY","2005","MARKETING YEAR","","STATE","NORTH CAROLINA","37","","","","","","","00000000","","STRAWBERRIES","STRAWBERRIES - PRICE RECEIVED, MEASURED IN $ / CWT","TOTAL","NOT SPECIFIED","95",""
"SURVEY","2005","MARKETING YEAR","","STATE","OHIO","39","","","","","","","00000000","","STRAWBERRIES","STRAWBERRIES - PRICE RECEIVED, MEASURED IN $ / CWT","TOTAL","NOT SPECIFIED","137",""
"SURVEY","2005","MARKETING YEAR","","STATE","OREGON","41","","","","","","","00000000","","STRAWBERRIES","STRAWBERRIES - PRICE RECEIVED, MEASURED IN $ / CWT","TOTAL","NOT SPECIFIED","54.7",""
"SURVEY","2005","MARKETING YEAR","","STATE","PENNSYLVANIA","42","","","","","","","00000000","","STRAWBERRIES","STRAWBERRIES - PRICE RECEIVED, MEASURED IN $ / CWT","TOTAL","NOT SPECIFIED","183",""
"SURVEY","2005","MARKETING YEAR","","STATE","WASHINGTON","53","","","","","","","00000000","","STRAWBERRIES","STRAWBERRIES - PRICE RECEIVED, MEASURED IN $ / CWT","TOTAL","NOT SPECIFIED","47.1",""
"SURVEY","2005","MARKETING YEAR","","STATE","WISCONSIN","55","","","","","","","00000000","","STRAWBERRIES","STRAWBERRIES - PRICE RECEIVED, MEASURED IN $ / CWT","TOTAL","NOT SPECIFIED","133",""
"SURVEY","2005","YEAR","","STATE","CALIFORNIA","06","","","","","","","00000000","","STRAWBERRIES","STRAWBERRIES - PRICE RECEIVED, MEASURED IN $ / CWT","TOTAL","NOT SPECIFIED","54.6",""
"SURVEY","2005","YEAR","","STATE","FLORIDA","12","","","","","","","00000000","","STRAWBERRIES","STRAWBERRIES - PRICE RECEIVED, MEASURED IN $ / CWT","TOTAL","NOT SPECIFIED","110",""
"SURVEY","2005","YEAR","","STATE","MICHIGAN","26","","","","","","","00000000","","STRAWBERRIES","STRAWBERRIES - PRICE RECEIVED, MEASURED IN $ / CWT","TOTAL","NOT SPECIFIED","93.8",""
"SURVEY","2005","YEAR","","STATE","NEW YORK","36","","","","","","","00000000","","STRAWBERRIES","STRAWBERRIES - PRICE RECEIVED, MEASURED IN $ / CWT","TOTAL","NOT SPECIFIED","155",""
"SURVEY","2005","YEAR","","STATE","NORTH CAROLINA","37","","","","","","","00000000","","STRAWBERRIES","STRAWBERRIES - PRICE RECEIVED, MEASURED IN $ / CWT","TOTAL","NOT SPECIFIED","95",""
"SURVEY","2005","YEAR","","STATE","OHIO","39","","","","","","","00000000","","STRAWBERRIES","STRAWBERRIES - PRICE RECEIVED, MEASURED IN $ / CWT","TOTAL","NOT SPECIFIED","137",""
"SURVEY","2005","YEAR","","STATE","OREGON","41","","","","","","","00000000","","STRAWBERRIES","STRAWBERRIES - PRICE RECEIVED, MEASURED IN $ / CWT","TOTAL","NOT SPECIFIED","54.7",""
"SURVEY","2005","YEAR","","STATE","PENNSYLVANIA","42","","","","","","","00000000","","STRAWBERRIES","STRAWBERRIES - PRICE RECEIVED, MEASURED IN $ / CWT","TOTAL","NOT SPECIFIED","183",""
"SURVEY","2005","YEAR","","STATE","WASHINGTON","53","","","","","","","00000000","","STRAWBERRIES","STRAWBERRIES - PRICE RECEIVED, MEASURED IN $ / CWT","TOTAL","NOT SPECIFIED","47.1",""
"SURVEY","2005","YEAR","","STATE","WISCONSIN","55","","","","","","","00000000","","STRAWBERRIES","STRAWBERRIES - PRICE RECEIVED, MEASURED IN $ / CWT","TOTAL","NOT SPECIFIED","133",""
"SURVEY","2004","MARKETING YEAR","","STATE","CALIFORNIA","06","","","","","","","00000000","","STRAWBERRIES","STRAWBERRIES - PRICE RECEIVED, MEASURED IN $ / CWT","TOTAL","NOT SPECIFIED","53.1",""
"SURVEY","2004","MARKETING YEAR","","STATE","FLORIDA","12","","","","","","","00000000","","STRAWBERRIES","STRAWBERRIES - PRICE RECEIVED, MEASURED IN $ / CWT","TOTAL","NOT SPECIFIED","109",""
"SURVEY","2004","MARKETING YEAR","","STATE","MICHIGAN","26","","","","","","","00000000","","STRAWBERRIES","STRAWBERRIES - PRICE RECEIVED, MEASURED IN $ / CWT","TOTAL","NOT SPECIFIED","97.7",""
"SURVEY","2004","MARKETING YEAR","","STATE","NEW YORK","36","","","","","","","00000000","","STRAWBERRIES","STRAWBERRIES - PRICE RECEIVED, MEASURED IN $ / CWT","TOTAL","NOT SPECIFIED","160",""
"SURVEY","2004","MARKETING YEAR","","STATE","NORTH CAROLINA","37","","","","","","","00000000","","STRAWBERRIES","STRAWBERRIES - PRICE RECEIVED, MEASURED IN $ / CWT","TOTAL","NOT SPECIFIED","90",""
"SURVEY","2004","MARKETING YEAR","","STATE","OHIO","39","","","","","","","00000000","","STRAWBERRIES","STRAWBERRIES - PRICE RECEIVED, MEASURED IN $ / CWT","TOTAL","NOT SPECIFIED","134",""
"SURVEY","2004","MARKETING YEAR","","STATE","OREGON","41","","","","","","","00000000","","STRAWBERRIES","STRAWBERRIES - PRICE RECEIVED, MEASURED IN $ / CWT","TOTAL","NOT SPECIFIED","48.9",""
"SURVEY","2004","MARKETING YEAR","","STATE","PENNSYLVANIA","42","","","","","","","00000000","","STRAWBERRIES","STRAWBERRIES - PRICE RECEIVED, MEASURED IN $ / CWT","TOTAL","NOT SPECIFIED","164",""
"SURVEY","2004","MARKETING YEAR","","STATE","WASHINGTON","53","","","","","","","00000000","","STRAWBERRIES","STRAWBERRIES - PRICE RECEIVED, MEASURED IN $ / CWT","TOTAL","NOT SPECIFIED","47.8",""
"SURVEY","2004","MARKETING YEAR","","STATE","WISCONSIN","55","","","","","","","00000000","","STRAWBERRIES","STRAWBERRIES - PRICE RECEIVED, MEASURED IN $ / CWT","TOTAL","NOT SPECIFIED","125",""
"SURVEY","2004","YEAR","","STATE","CALIFORNIA","06","","","","","","","00000000","","STRAWBERRIES","STRAWBERRIES - PRICE RECEIVED, MEASURED IN $ / CWT","TOTAL","NOT SPECIFIED","53.1",""
"SURVEY","2004","YEAR","","STATE","FLORIDA","12","","","","","","","00000000","","STRAWBERRIES","STRAWBERRIES - PRICE RECEIVED, MEASURED IN $ / CWT","TOTAL","NOT SPECIFIED","109",""
"SURVEY","2004","YEAR","","STATE","MICHIGAN","26","","","","","","","00000000","","STRAWBERRIES","STRAWBERRIES - PRICE RECEIVED, MEASURED IN $ / CWT","TOTAL","NOT SPECIFIED","97.7",""
"SURVEY","2004","YEAR","","STATE","NEW YORK","36","","","","","","","00000000","","STRAWBERRIES","STRAWBERRIES - PRICE RECEIVED, MEASURED IN $ / CWT","TOTAL","NOT SPECIFIED","160",""
"SURVEY","2004","YEAR","","STATE","NORTH CAROLINA","37","","","","","","","00000000","","STRAWBERRIES","STRAWBERRIES - PRICE RECEIVED, MEASURED IN $ / CWT","TOTAL","NOT SPECIFIED","90",""
"SURVEY","2004","YEAR","","STATE","OHIO","39","","","","","","","00000000","","STRAWBERRIES","STRAWBERRIES - PRICE RECEIVED, MEASURED IN $ / CWT","TOTAL","NOT SPECIFIED","134",""
"SURVEY","2004","YEAR","","STATE","OREGON","41","","","","","","","00000000","","STRAWBERRIES","STRAWBERRIES - PRICE RECEIVED, MEASURED IN $ / CWT","TOTAL","NOT SPECIFIED","48.9",""
"SURVEY","2004","YEAR","","STATE","PENNSYLVANIA","42","","","","","","","00000000","","STRAWBERRIES","STRAWBERRIES - PRICE RECEIVED, MEASURED IN $ / CWT","TOTAL","NOT SPECIFIED","164",""
"SURVEY","2004","YEAR","","STATE","WASHINGTON","53","","","","","","","00000000","","STRAWBERRIES","STRAWBERRIES - PRICE RECEIVED, MEASURED IN $ / CWT","TOTAL","NOT SPECIFIED","47.8",""
"SURVEY","2004","YEAR","","STATE","WISCONSIN","55","","","","","","","00000000","","STRAWBERRIES","STRAWBERRIES - PRICE RECEIVED, MEASURED IN $ / CWT","TOTAL","NOT SPECIFIED","125",""
"SURVEY","2003","YEAR","","STATE","CALIFORNIA","06","","","","","","","00000000","","STRAWBERRIES","STRAWBERRIES - PRICE RECEIVED, MEASURED IN $ / CWT","TOTAL","NOT SPECIFIED","61.4",""
"SURVEY","2003","YEAR","","STATE","FLORIDA","12","","","","","","","00000000","","STRAWBERRIES","STRAWBERRIES - PRICE RECEIVED, MEASURED IN $ / CWT","TOTAL","NOT SPECIFIED","82.7",""
"SURVEY","2003","YEAR","","STATE","MICHIGAN","26","","","","","","","00000000","","STRAWBERRIES","STRAWBERRIES - PRICE RECEIVED, MEASURED IN $ / CWT","TOTAL","NOT SPECIFIED","100",""
"SURVEY","2003","YEAR","","STATE","NEW YORK","36","","","","","","","00000000","","STRAWBERRIES","STRAWBERRIES - PRICE RECEIVED, MEASURED IN $ / CWT","TOTAL","NOT SPECIFIED","155",""
"SURVEY","2003","YEAR","","STATE","NORTH CAROLINA","37","","","","","","","00000000","","STRAWBERRIES","STRAWBERRIES - PRICE RECEIVED, MEASURED IN $ / CWT","TOTAL","NOT SPECIFIED","90",""
"SURVEY","2003","YEAR","","STATE","OHIO","39","","","","","","","00000000","","STRAWBERRIES","STRAWBERRIES - PRICE RECEIVED, MEASURED IN $ / CWT","TOTAL","NOT SPECIFIED","120",""
"SURVEY","2003","YEAR","","STATE","OREGON","41","","","","","","","00000000","","STRAWBERRIES","STRAWBERRIES - PRICE RECEIVED, MEASURED IN $ / CWT","TOTAL","NOT SPECIFIED","49.7",""
"SURVEY","2003","YEAR","","STATE","PENNSYLVANIA","42","","","","","","","00000000","","STRAWBERRIES","STRAWBERRIES - PRICE RECEIVED, MEASURED IN $ / CWT","TOTAL","NOT SPECIFIED","134",""
"SURVEY","2003","YEAR","","STATE","WASHINGTON","53","","","","","","","00000000","","STRAWBERRIES","STRAWBERRIES - PRICE RECEIVED, MEASURED IN $ / CWT","TOTAL","NOT SPECIFIED","52.1",""
"SURVEY","2003","YEAR","","STATE","WISCONSIN","55","","","","","","","00000000","","STRAWBERRIES","STRAWBERRIES - PRICE RECEIVED, MEASURED IN $ / CWT","TOTAL","NOT SPECIFIED","117",""
"SURVEY","2002","YEAR","","STATE","CALIFORNIA","06","","","","","","","00000000","","STRAWBERRIES","STRAWBERRIES - PRICE RECEIVED, MEASURED IN $ / CWT","TOTAL","NOT SPECIFIED","57.9",""
"SURVEY","2002","YEAR","","STATE","FLORIDA","12","","","","","","","00000000","","STRAWBERRIES","STRAWBERRIES - PRICE RECEIVED, MEASURED IN $ / CWT","TOTAL","NOT SPECIFIED","87.2",""
"SURVEY","2002","YEAR","","STATE","MICHIGAN","26","","","","","","","00000000","","STRAWBERRIES","STRAWBERRIES - PRICE RECEIVED, MEASURED IN $ / CWT","TOTAL","NOT SPECIFIED","93.4",""
"SURVEY","2002","YEAR","","STATE","NEW YORK","36","","","","","","","00000000","","STRAWBERRIES","STRAWBERRIES - PRICE RECEIVED, MEASURED IN $ / CWT","TOTAL","NOT SPECIFIED","140",""
"SURVEY","2002","YEAR","","STATE","NORTH CAROLINA","37","","","","","","","00000000","","STRAWBERRIES","STRAWBERRIES - PRICE RECEIVED, MEASURED IN $ / CWT","TOTAL","NOT SPECIFIED","85",""
"SURVEY","2002","YEAR","","STATE","OHIO","39","","","","","","","00000000","","STRAWBERRIES","STRAWBERRIES - PRICE RECEIVED, MEASURED IN $ / CWT","TOTAL","NOT SPECIFIED","124",""
"SURVEY","2002","YEAR","","STATE","OREGON","41","","","","","","","00000000","","STRAWBERRIES","STRAWBERRIES - PRICE RECEIVED, MEASURED IN $ / CWT","TOTAL","NOT SPECIFIED","49.2",""
"SURVEY","2002","YEAR","","STATE","PENNSYLVANIA","42","","","","","","","00000000","","STRAWBERRIES","STRAWBERRIES - PRICE RECEIVED, MEASURED IN $ / CWT","TOTAL","NOT SPECIFIED","137",""
"SURVEY","2002","YEAR","","STATE","WASHINGTON","53","","","","","","","00000000","","STRAWBERRIES","STRAWBERRIES - PRICE RECEIVED, MEASURED IN $ / CWT","TOTAL","NOT SPECIFIED","51",""
"SURVEY","2002","YEAR","","STATE","WISCONSIN","55","","","","","","","00000000","","STRAWBERRIES","STRAWBERRIES - PRICE RECEIVED, MEASURED IN $ / CWT","TOTAL","NOT SPECIFIED","116",""
"SURVEY","2001","YEAR","","STATE","CALIFORNIA","06","","","","","","","00000000","","STRAWBERRIES","STRAWBERRIES - PRICE RECEIVED, MEASURED IN $ / CWT","TOTAL","NOT SPECIFIED","60.2",""
"SURVEY","2001","YEAR","","STATE","FLORIDA","12","","","","","","","00000000","","STRAWBERRIES","STRAWBERRIES - PRICE RECEIVED, MEASURED IN $ / CWT","TOTAL","NOT SPECIFIED","99",""
"SURVEY","2001","YEAR","","STATE","MICHIGAN","26","","","","","","","00000000","","STRAWBERRIES","STRAWBERRIES - PRICE RECEIVED, MEASURED IN $ / CWT","TOTAL","NOT SPECIFIED","93.6",""
"SURVEY","2001","YEAR","","STATE","NEW JERSEY","34","","","","","","","00000000","","STRAWBERRIES","STRAWBERRIES - PRICE RECEIVED, MEASURED IN $ / CWT","TOTAL","NOT SPECIFIED","72.2",""
"SURVEY","2001","YEAR","","STATE","NEW YORK","36","","","","","","","00000000","","STRAWBERRIES","STRAWBERRIES - PRICE RECEIVED, MEASURED IN $ / CWT","TOTAL","NOT SPECIFIED","118",""
"SURVEY","2001","YEAR","","STATE","NORTH CAROLINA","37","","","","","","","00000000","","STRAWBERRIES","STRAWBERRIES - PRICE RECEIVED, MEASURED IN $ / CWT","TOTAL","NOT SPECIFIED","85",""
"SURVEY","2001","YEAR","","STATE","OHIO","39","","","","","","","00000000","","STRAWBERRIES","STRAWBERRIES - PRICE RECEIVED, MEASURED IN $ / CWT","TOTAL","NOT SPECIFIED","105",""
"SURVEY","2001","YEAR","","STATE","OREGON","41","","","","","","","00000000","","STRAWBERRIES","STRAWBERRIES - PRICE RECEIVED, MEASURED IN $ / CWT","TOTAL","NOT SPECIFIED","37.7",""
"SURVEY","2001","YEAR","","STATE","PENNSYLVANIA","42","","","","","","","00000000","","STRAWBERRIES","STRAWBERRIES - PRICE RECEIVED, MEASURED IN $ / CWT","TOTAL","NOT SPECIFIED","110",""
"SURVEY","2001","YEAR","","STATE","VIRGINIA","51","","","","","","","00000000","","STRAWBERRIES","STRAWBERRIES - PRICE RECEIVED, MEASURED IN $ / CWT","TOTAL","NOT SPECIFIED","124",""
"SURVEY","2001","YEAR","","STATE","WASHINGTON","53","","","","","","","00000000","","STRAWBERRIES","STRAWBERRIES - PRICE RECEIVED, MEASURED IN $ / CWT","TOTAL","NOT SPECIFIED","43.4",""
"SURVEY","2001","YEAR","","STATE","WISCONSIN","55","","","","","","","00000000","","STRAWBERRIES","STRAWBERRIES - PRICE RECEIVED, MEASURED IN $ / CWT","TOTAL","NOT SPECIFIED","110",""
"SURVEY","2000","YEAR","","STATE","CALIFORNIA","06","","","","","","","00000000","","STRAWBERRIES","STRAWBERRIES - PRICE RECEIVED, MEASURED IN $ / CWT","TOTAL","NOT SPECIFIED","50.9",""
"SURVEY","2000","YEAR","","STATE","FLORIDA","12","","","","","","","00000000","","STRAWBERRIES","STRAWBERRIES - PRICE RECEIVED, MEASURED IN $ / CWT","TOTAL","NOT SPECIFIED","76",""
"SURVEY","2000","YEAR","","STATE","MICHIGAN","26","","","","","","","00000000","","STRAWBERRIES","STRAWBERRIES - PRICE RECEIVED, MEASURED IN $ / CWT","TOTAL","NOT SPECIFIED","74",""
"SURVEY","2000","YEAR","","STATE","NEW JERSEY","34","","","","","","","00000000","","STRAWBERRIES","STRAWBERRIES - PRICE RECEIVED, MEASURED IN $ / CWT","TOTAL","NOT SPECIFIED","94",""
"SURVEY","2000","YEAR","","STATE","NEW YORK","36","","","","","","","00000000","","STRAWBERRIES","STRAWBERRIES - PRICE RECEIVED, MEASURED IN $ / CWT","TOTAL","NOT SPECIFIED","105",""
"SURVEY","2000","YEAR","","STATE","NORTH CAROLINA","37","","","","","","","00000000","","STRAWBERRIES","STRAWBERRIES - PRICE RECEIVED, MEASURED IN $ / CWT","TOTAL","NOT SPECIFIED","75",""
"SURVEY","2000","YEAR","","STATE","OHIO","39","","","","","","","00000000","","STRAWBERRIES","STRAWBERRIES - PRICE RECEIVED, MEASURED IN $ / CWT","TOTAL","NOT SPECIFIED","108",""
"SURVEY","2000","YEAR","","STATE","OREGON","41","","","","","","","00000000","","STRAWBERRIES","STRAWBERRIES - PRICE RECEIVED, MEASURED IN $ / CWT","TOTAL","NOT SPECIFIED","49.5",""
"SURVEY","2000","YEAR","","STATE","PENNSYLVANIA","42","","","","","","","00000000","","STRAWBERRIES","STRAWBERRIES - PRICE RECEIVED, MEASURED IN $ / CWT","TOTAL","NOT SPECIFIED","108",""
"SURVEY","2000","YEAR","","STATE","VIRGINIA","51","","","","","","","00000000","","STRAWBERRIES","STRAWBERRIES - PRICE RECEIVED, MEASURED IN $ / CWT","TOTAL","NOT SPECIFIED","105",""
"SURVEY","2000","YEAR","","STATE","WASHINGTON","53","","","","","","","00000000","","STRAWBERRIES","STRAWBERRIES - PRICE RECEIVED, MEASURED IN $ / CWT","TOTAL","NOT SPECIFIED","52.5",""
"SURVEY","2000","YEAR","","STATE","WISCONSIN","55","","","","","","","00000000","","STRAWBERRIES","STRAWBERRIES - PRICE RECEIVED, MEASURED IN $ / CWT","TOTAL","NOT SPECIFIED","104",""
"SURVEY","1999","YEAR","","STATE","ARKANSAS","05","","","","","","","00000000","","STRAWBERRIES","STRAWBERRIES - PRICE RECEIVED, MEASURED IN $ / CWT","TOTAL","NOT SPECIFIED","62",""
"SURVEY","1999","YEAR","","STATE","CALIFORNIA","06","","","","","","","00000000","","STRAWBERRIES","STRAWBERRIES - PRICE RECEIVED, MEASURED IN $ / CWT","TOTAL","NOT SPECIFIED","59.7",""
"SURVEY","1999","YEAR","","STATE","FLORIDA","12","","","","","","","00000000","","STRAWBERRIES","STRAWBERRIES - PRICE RECEIVED, MEASURED IN $ / CWT","TOTAL","NOT SPECIFIED","81",""
"SURVEY","1999","YEAR","","STATE","LOUISIANA","22","","","","","","","00000000","","STRAWBERRIES","STRAWBERRIES - PRICE RECEIVED, MEASURED IN $ / CWT","TOTAL","NOT SPECIFIED","72",""
"SURVEY","1999","YEAR","","STATE","MICHIGAN","26","","","","","","","00000000","","STRAWBERRIES","STRAWBERRIES - PRICE RECEIVED, MEASURED IN $ / CWT","TOTAL","NOT SPECIFIED","71.2",""
"SURVEY","1999","YEAR","","STATE","NEW JERSEY","34","","","","","","","00000000","","STRAWBERRIES","STRAWBERRIES - PRICE RECEIVED, MEASURED IN $ / CWT","TOTAL","NOT SPECIFIED","63.5",""
"SURVEY","1999","YEAR","","STATE","NEW YORK","36","","","","","","","00000000","","STRAWBERRIES","STRAWBERRIES - PRICE RECEIVED, MEASURED IN $ / CWT","TOTAL","NOT SPECIFIED","106",""
"SURVEY","1999","YEAR","","STATE","NORTH CAROLINA","37","","","","","","","00000000","","STRAWBERRIES","STRAWBERRIES - PRICE RECEIVED, MEASURED IN $ / CWT","TOTAL","NOT SPECIFIED","80",""
"SURVEY","1999","YEAR","","STATE","OHIO","39","","","","","","","00000000","","STRAWBERRIES","STRAWBERRIES - PRICE RECEIVED, MEASURED IN $ / CWT","TOTAL","NOT SPECIFIED","105",""
"SURVEY","1999","YEAR","","STATE","OREGON","41","","","","","","","00000000","","STRAWBERRIES","STRAWBERRIES - PRICE RECEIVED, MEASURED IN $ / CWT","TOTAL","NOT SPECIFIED","51.5",""
"SURVEY","1999","YEAR","","STATE","PENNSYLVANIA","42","","","","","","","00000000","","STRAWBERRIES","STRAWBERRIES - PRICE RECEIVED, MEASURED IN $ / CWT","TOTAL","NOT SPECIFIED","105",""
"SURVEY","1999","YEAR","","STATE","WASHINGTON","53","","","","","","","00000000","","STRAWBERRIES","STRAWBERRIES - PRICE RECEIVED, MEASURED IN $ / CWT","TOTAL","NOT SPECIFIED","61.4",""
"SURVEY","1999","YEAR","","STATE","WISCONSIN","55","","","","","","","00000000","","STRAWBERRIES","STRAWBERRIES - PRICE RECEIVED, MEASURED IN $ / CWT","TOTAL","NOT SPECIFIED","99",""
"SURVEY","1998","YEAR","","STATE","ARKANSAS","05","","","","","","","00000000","","STRAWBERRIES","STRAWBERRIES - PRICE RECEIVED, MEASURED IN $ / CWT","TOTAL","NOT SPECIFIED","65",""
"SURVEY","1998","YEAR","","STATE","CALIFORNIA","06","","","","","","","00000000","","STRAWBERRIES","STRAWBERRIES - PRICE RECEIVED, MEASURED IN $ / CWT","TOTAL","NOT SPECIFIED","55.8",""
"SURVEY","1998","YEAR","","STATE","FLORIDA","12","","","","","","","00000000","","STRAWBERRIES","STRAWBERRIES - PRICE RECEIVED, MEASURED IN $ / CWT","TOTAL","NOT SPECIFIED","100",""
"SURVEY","1998","YEAR","","STATE","LOUISIANA","22","","","","","","","00000000","","STRAWBERRIES","STRAWBERRIES - PRICE RECEIVED, MEASURED IN $ / CWT","TOTAL","NOT SPECIFIED","70",""
"SURVEY","1998","YEAR","","STATE","MICHIGAN","26","","","","","","","00000000","","STRAWBERRIES","STRAWBERRIES - PRICE RECEIVED, MEASURED IN $ / CWT","TOTAL","NOT SPECIFIED","74.6",""
"SURVEY","1998","YEAR","","STATE","NEW JERSEY","34","","","","","","","00000000","","STRAWBERRIES","STRAWBERRIES - PRICE RECEIVED, MEASURED IN $ / CWT","TOTAL","NOT SPECIFIED","44.2",""
"SURVEY","1998","YEAR","","STATE","NEW YORK","36","","","","","","","00000000","","STRAWBERRIES","STRAWBERRIES - PRICE RECEIVED, MEASURED IN $ / CWT","TOTAL","NOT SPECIFIED","115",""
"SURVEY","1998","YEAR","","STATE","NORTH CAROLINA","37","","","","","","","00000000","","STRAWBERRIES","STRAWBERRIES - PRICE RECEIVED, MEASURED IN $ / CWT","TOTAL","NOT SPECIFIED","75",""
"SURVEY","1998","YEAR","","STATE","OHIO","39","","","","","","","00000000","","STRAWBERRIES","STRAWBERRIES - PRICE RECEIVED, MEASURED IN $ / CWT","TOTAL","NOT SPECIFIED","100",""
"SURVEY","1998","YEAR","","STATE","OREGON","41","","","","","","","00000000","","STRAWBERRIES","STRAWBERRIES - PRICE RECEIVED, MEASURED IN $ / CWT","TOTAL","NOT SPECIFIED","51",""
"SURVEY","1998","YEAR","","STATE","PENNSYLVANIA","42","","","","","","","00000000","","STRAWBERRIES","STRAWBERRIES - PRICE RECEIVED, MEASURED IN $ / CWT","TOTAL","NOT SPECIFIED","109",""
"SURVEY","1998","YEAR","","STATE","WASHINGTON","53","","","","","","","00000000","","STRAWBERRIES","STRAWBERRIES - PRICE RECEIVED, MEASURED IN $ / CWT","TOTAL","NOT SPECIFIED","50.3",""
"SURVEY","1998","YEAR","","STATE","WISCONSIN","55","","","","","","","00000000","","STRAWBERRIES","STRAWBERRIES - PRICE RECEIVED, MEASURED IN $ / CWT","TOTAL","NOT SPECIFIED","108",""
